[{"structure": {"filter_fields": ["ctc > {ctc} lakhs"], "grouped_fields": [], "agg_field": ["count"]}, "generated_questions": {"english_question_1": "How many candidates have a ctc greater than <ctc> lakhs?", "english_question_2": "What is the total count of candidates with a ctc above <ctc> lakhs?", "english_question_3": "Can you provide the number of candidates with a ctc exceeding <ctc> lakhs?", "english_question_4": "What is the total number of candidates who have a ctc of more than <ctc> lakhs?", "english_question_5": "How many candidates are there with a ctc higher than <ctc> lakhs?"}, "time_taken": 1.5343060493469238}, {"structure": {"filter_fields": ["experience < {experience} years"], "grouped_fields": [], "agg_field": ["count"]}, "generated_questions": {"english_question_1": "How many candidates have more than <experience> years of experience?", "english_question_2": "What is the total count of candidates with experience greater than <experience> years?", "english_question_3": "Can you provide the number of candidates who have more than <experience> years of experience?", "english_question_4": "What is the total number of candidates with experience exceeding <experience> years?", "english_question_5": "How many candidates are there with experience of more than <experience> years?"}, "time_taken": 3.090881109237671}, {"structure": {"filter_fields": ["pg course"], "grouped_fields": [], "agg_field": ["count"]}, "generated_questions": {"english_question_1": "What is the count of candidates for each <pg course>?", "english_question_2": "How many candidates are there for each <pg course>?", "english_question_3": "Can you provide the number of candidates for each <pg course>?", "english_question_4": "What is the total count of candidates for each <pg course>?", "english_question_5": "How many candidates are there in each <pg course>?"}, "time_taken": 1.9434471130371094}, {"structure": {"filter_fields": ["industry"], "grouped_fields": [], "agg_field": ["count"]}, "generated_questions": {"english_question_1": "What is the total count of candidates in the <industry> industry?", "english_question_2": "How many candidates are there in the <industry> industry?", "english_question_3": "What is the number of candidates working in the <industry> industry?", "english_question_4": "Can you provide the total count of candidates in the <industry> industry?", "english_question_5": "How many candidates are currently employed in the <industry> industry?"}, "time_taken": 1.1761558055877686}, {"structure": {"filter_fields": ["skills"], "grouped_fields": [], "agg_field": ["count"]}, "generated_questions": {"english_question_1": "What is the count of candidates with <skills>?", "english_question_2": "How many candidates have <skills>?", "english_question_3": "What is the total number of candidates skilled in <skills>?", "english_question_4": "Can you provide the count of candidates with <skills>?", "english_question_5": "How many candidates possess <skills>?"}, "time_taken": 1.9804260730743408}, {"structure": {"filter_fields": ["cities"], "grouped_fields": [], "agg_field": ["count"]}, "generated_questions": {"english_question_1": "What is the total count of candidates in <cities>?", "english_question_2": "How many candidates are there in <cities>?", "english_question_3": "What is the number of candidates in <cities>?", "english_question_4": "Can you provide the count of candidates in <cities>?", "english_question_5": "What is the total number of candidates in <cities>?"}, "time_taken": 2.021919012069702}, {"structure": {"filter_fields": ["experience > {experience} years"], "grouped_fields": [], "agg_field": ["count"]}, "generated_questions": {"english_question_1": "How many candidates have more than <experience> years of experience?", "english_question_2": "What is the total count of candidates with experience greater than <experience> years?", "english_question_3": "Can you provide the number of candidates who have more than <experience> years of experience?", "english_question_4": "What is the total number of candidates with experience exceeding <experience> years?", "english_question_5": "How many candidates are there with experience of more than <experience> years?"}, "time_taken": 1.2864477634429932}, {"structure": {"filter_fields": ["ug course"], "grouped_fields": [], "agg_field": ["count"]}, "generated_questions": {"english_question_1": "What is the count of candidates for each <ug course>?", "english_question_2": "How many candidates are there for each <ug course>?", "english_question_3": "Can you provide the number of candidates for each <ug course>?", "english_question_4": "What is the total count of candidates for each <ug course>?", "english_question_5": "How many candidates are there in each <ug course>?"}, "time_taken": 1.78094482421875}, {"structure": {"filter_fields": ["designation"], "grouped_fields": [], "agg_field": ["count"]}, "generated_questions": {"english_question_1": "What is the total count of candidates with designation as <designation>?", "english_question_2": "How many candidates are there with the designation of <designation>?", "english_question_3": "Can you provide the total number of candidates holding the <designation> designation?", "english_question_4": "What is the total count of <designation> designation holders in the dataset?", "english_question_5": "How many <designation> designation holders are present in the data?"}, "time_taken": 1.2122862339019775}, {"structure": {"filter_fields": ["department"], "grouped_fields": [], "agg_field": ["count"]}, "generated_questions": {"english_question_1": "What is the total count of candidates in the <department> department?", "english_question_2": "How many candidates are there in the <department> department?", "english_question_3": "Can you provide the total number of candidates in the <department> department?", "english_question_4": "What is the total headcount of candidates in the <department> department?", "english_question_5": "How many candidates are currently working in the <department> department?"}, "time_taken": 1.2201011180877686}, {"structure": {"filter_fields": ["gender"], "grouped_fields": [], "agg_field": ["count"]}, "generated_questions": {"english_question_1": "What is the total count of candidates by gender?", "english_question_2": "Can you provide the overall gender distribution of the candidates?", "english_question_3": "How many male and female candidates are there in the dataset?", "english_question_4": "What is the gender-wise count of candidates in the dataset?", "english_question_5": "Can you provide the number of candidates by gender?"}, "time_taken": 1.6148622035980225}, {"structure": {"filter_fields": ["college"], "grouped_fields": [], "agg_field": ["count"]}, "generated_questions": {"english_question_1": "What is the total count of candidates from <college>?", "english_question_2": "How many candidates are there from <college>?", "english_question_3": "Can you provide the total number of candidates from <college>?", "english_question_4": "What is the total headcount of candidates from <college>?", "english_question_5": "How many candidates are there in total from <college>?"}, "time_taken": 1.6270582675933838}, {"structure": {"filter_fields": ["ctc < {ctc} lakhs"], "grouped_fields": [], "agg_field": ["count"]}, "generated_questions": {"english_question_1": "How many candidates have a ctc of less than <ctc> lakhs?", "english_question_2": "What is the total count of candidates with a ctc below <ctc> lakhs?", "english_question_3": "Can you provide the number of candidates with a ctc of less than <ctc> lakhs?", "english_question_4": "What is the total number of candidates who have a ctc of less than <ctc> lakhs?", "english_question_5": "How many candidates fall in the category of having a ctc of less than <ctc> lakhs?"}, "time_taken": 6.9157679080963135}, {"structure": {"filter_fields": ["freshers"], "grouped_fields": [], "agg_field": ["count"]}, "generated_questions": {"english_question_1": "What is the total count of freshers?", "english_question_2": "How many freshers are there in the dataset?", "english_question_3": "Can you provide the total number of freshers?", "english_question_4": "What is the overall count of freshers in the data?", "english_question_5": "How many candidates are classified as freshers?"}, "time_taken": 7.339456081390381}, {"structure": {"filter_fields": ["freshers", "department"], "grouped_fields": [], "agg_field": ["count"]}, "generated_questions": {"english_question_1": "What is the total count of candidates who are freshers in the <department> department?", "english_question_2": "How many freshers are there in the <department> department?", "english_question_3": "Can you provide the total number of freshers in the <department> department?", "english_question_4": "What is the count of freshers in the <department> department?", "english_question_5": "How many candidates are freshers in the <department> department?"}, "time_taken": 5.813982248306274}, {"structure": {"filter_fields": ["ctc > {ctc} lakhs", "freshers"], "grouped_fields": [], "agg_field": ["count"]}, "generated_questions": {"english_question_1": "How many freshers have a salary greater than <ctc> lakhs?", "english_question_2": "What is the total count of freshers with a salary of more than <ctc> lakhs?", "english_question_3": "Can you provide the number of freshers who earn more than <ctc> lakhs?", "english_question_4": "What is the count of freshers with a salary exceeding <ctc> lakhs?", "english_question_5": "How many freshers are there who have a salary of greater than <ctc> lakhs?"}, "time_taken": 7.439599990844727}, {"structure": {"filter_fields": ["skills", "pg course"], "grouped_fields": [], "agg_field": ["count"]}, "generated_questions": {"english_question_1": "What is the count of candidates with <skills> and <pg course>?", "english_question_2": "How many candidates have <pg course> and possess <skills>?", "english_question_3": "Can you provide the total number of candidates with <skills> and <pg course>?", "english_question_4": "What is the total count of candidates who have <pg course> and are skilled in <skills>?", "english_question_5": "How many candidates are there with <pg course> and <skills>?"}, "time_taken": 5.8085949420928955}, {"structure": {"filter_fields": ["experience < {experience} years", "skills"], "grouped_fields": [], "agg_field": ["count"]}, "generated_questions": {"english_question_1": "What is the count of candidates having skills in <skills> with experience less than {experience} years?", "english_question_2": "How many candidates have skills in <skills> and experience less than {experience} years?", "english_question_3": "Can you provide the total number of candidates with skills in <skills> and experience less than {experience} years?", "english_question_4": "What is the total count of candidates who have skills in <skills> and experience less than {experience} years?", "english_question_5": "How many candidates are there with skills in <skills> and experience less than {experience} years?"}, "time_taken": 9.747697114944458}, {"structure": {"filter_fields": ["skills", "cities"], "grouped_fields": [], "agg_field": ["count"]}, "generated_questions": {"english_question_1": "What is the count of candidates skilled in <skills> and located in <cities>?", "english_question_2": "How many candidates are there in <cities> with expertise in <skills>?", "english_question_3": "Can you provide the total number of candidates in <cities> who possess <skills>?", "english_question_4": "What is the total count of candidates with <skills> and residing in <cities>?", "english_question_5": "How many candidates are there who are skilled in <skills> and based in <cities>?"}, "time_taken": 5.8151609897613525}, {"structure": {"filter_fields": ["experience < {experience} years", "ug course"], "grouped_fields": [], "agg_field": ["count"]}, "generated_questions": {"english_question_1": "How many candidates have an undergraduate degree in <ug course> with less than {experience} years of experience?", "english_question_2": "What is the total count of candidates with an undergraduate degree in <ug course> and experience less than {experience} years?", "english_question_3": "Can you provide the total number of candidates who have an undergraduate degree in <ug course> and have less than {experience} years of experience?", "english_question_4": "What is the total number of candidates with less than {experience} years of experience and an undergraduate degree in <ug course>?", "english_question_5": "How many candidates have less than {experience} years of experience and have completed their undergraduate degree in <ug course>?"}, "time_taken": 6.466793060302734}, {"structure": {"filter_fields": ["freshers", "college"], "grouped_fields": [], "agg_field": ["count"]}, "generated_questions": {"english_question_1": "What is the total count of candidates from <college> who are freshers?", "english_question_2": "How many freshers are there from <college>?", "english_question_3": "Can you provide the total number of freshers from <college>?", "english_question_4": "What is the count of freshers who graduated from <college>?", "english_question_5": "How many candidates from <college> are freshers?"}, "time_taken": 5.762079954147339}, {"structure": {"filter_fields": ["experience < {experience} years", "pg course"], "grouped_fields": [], "agg_field": ["count"]}, "generated_questions": {"english_question_1": "How many candidates have more than <experience> years of experience and have completed their post graduation in <pg course>?", "english_question_2": "What is the total count of candidates with <experience> years of experience and <pg course> post graduation?", "english_question_3": "Can you provide the total number of candidates who have completed their post graduation in <pg course> and have more than <experience> years of experience?", "english_question_4": "What is the total number of candidates with <pg course> post graduation and more than <experience> years of experience?", "english_question_5": "How many candidates have <pg course> post graduation and more than <experience> years of experience?"}, "time_taken": 7.246467113494873}, {"structure": {"filter_fields": ["freshers", "cities"], "grouped_fields": [], "agg_field": ["count"]}, "generated_questions": {"english_question_1": "What is the total count of candidates who are freshers and based in <cities>?", "english_question_2": "How many freshers are there in <cities>?", "english_question_3": "Can you provide the total number of freshers in <cities>?", "english_question_4": "What is the total count of freshers in <cities>?", "english_question_5": "How many candidates are freshers and based in <cities>?"}, "time_taken": 7.878242015838623}, {"structure": {"filter_fields": ["ctc > {ctc} lakhs", "experience < {experience} years"], "grouped_fields": [], "agg_field": ["count"]}, "generated_questions": {"english_question_1": "How many candidates have a ctc greater than <ctc> lakhs and experience less than <experience> years?", "english_question_2": "What is the total count of candidates with ctc above <ctc> lakhs and experience below <experience> years?", "english_question_3": "Can you provide the number of candidates who have a ctc of more than <ctc> lakhs and less than <experience> years of experience?", "english_question_4": "What is the total number of candidates with a ctc greater than <ctc> lakhs and experience less than <experience> years?", "english_question_5": "How many candidates meet the criteria of having a ctc above <ctc> lakhs and experience below <experience> years?"}, "time_taken": 7.829074859619141}, {"structure": {"filter_fields": ["skills", "ug course"], "grouped_fields": [], "agg_field": ["count"]}, "generated_questions": {"english_question_1": "What is the count of candidates with <skills> and <ug course>?", "english_question_2": "How many candidates have <ug course> and possess <skills>?", "english_question_3": "Can you provide the total number of candidates with <skills> and <ug course>?", "english_question_4": "What is the total count of candidates who have <ug course> and are skilled in <skills>?", "english_question_5": "How many candidates are there with <ug course> and <skills>?"}, "time_taken": 5.212673187255859}, {"structure": {"filter_fields": ["ctc > {ctc} lakhs", "experience > {experience} years"], "grouped_fields": [], "agg_field": ["count"]}, "generated_questions": {"english_question_1": "How many candidates have a ctc greater than <ctc> lakhs and experience greater than <experience> years?", "english_question_2": "What is the total count of candidates with ctc above <ctc> lakhs and experience above <experience> years?", "english_question_3": "Can you provide the number of candidates who have a ctc greater than <ctc> lakhs and experience greater than <experience> years?", "english_question_4": "What is the total number of candidates with experience greater than <experience> years and ctc above <ctc> lakhs?", "english_question_5": "How many candidates meet the criteria of having a ctc greater than <ctc> lakhs and experience greater than <experience> years?"}, "time_taken": 7.347621917724609}, {"structure": {"filter_fields": ["skills", "college"], "grouped_fields": [], "agg_field": ["count"]}, "generated_questions": {"english_question_1": "What is the count of candidates who have graduated from <college> and possess <skills>?", "english_question_2": "How many candidates have <skills> and are alumni of <college>?", "english_question_3": "Can you provide the number of candidates who have <skills> and have graduated from <college>?", "english_question_4": "What is the total number of candidates who possess <skills> and have a degree from <college>?", "english_question_5": "How many candidates have <skills> and are from <college>?"}, "time_taken": 8.071425199508667}, {"structure": {"filter_fields": ["designation", "college"], "grouped_fields": [], "agg_field": ["count"]}, "generated_questions": {"english_question_1": "What is the total count of candidates with <designation> designation from <college> college?", "english_question_2": "How many candidates are there with <designation> designation and <college> college?", "english_question_3": "Can you provide the total number of candidates with <designation> designation and <college> college?", "english_question_4": "What is the total number of candidates with <designation> designation and <college> college?", "english_question_5": "Can you give me the count of candidates with <designation> designation and <college> college?"}, "time_taken": 5.120232820510864}, {"structure": {"filter_fields": ["ctc > {ctc} lakhs", "pg course"], "grouped_fields": [], "agg_field": ["count"]}, "generated_questions": {"english_question_1": "How many candidates have a ctc greater than <ctc> lakhs and have completed their pg course?", "english_question_2": "What is the total count of candidates with a ctc of more than <ctc> lakhs and a pg course?", "english_question_3": "Can you provide the total number of candidates who have a ctc above <ctc> lakhs and have a pg course?", "english_question_4": "What is the total count of candidates who have completed their pg course and have a ctc of more than <ctc> lakhs?", "english_question_5": "How many candidates have a ctc greater than <ctc> lakhs and have a pg course?"}, "time_taken": 7.383310794830322}, {"structure": {"filter_fields": ["experience < {experience} years", "freshers"], "grouped_fields": [], "agg_field": ["count"]}, "generated_questions": {"english_question_1": "What is the total count of freshers with less than {experience} years of experience?", "english_question_2": "How many freshers have less than {experience} years of experience?", "english_question_3": "Can you provide the total number of freshers with experience less than {experience} years?", "english_question_4": "What is the count of freshers who have less than {experience} years of experience?", "english_question_5": "How many candidates are there who are freshers and have less than {experience} years of experience?"}, "time_taken": 8.082726001739502}, {"structure": {"filter_fields": ["gender", "pg course"], "grouped_fields": [], "agg_field": ["count"]}, "generated_questions": {"english_question_1": "What is the count of candidates by <gender> and <pg course>?", "english_question_2": "How many candidates are there for each <pg course> and <gender>?", "english_question_3": "Can you provide the total number of candidates for each <gender> and <pg course>?", "english_question_4": "What is the total count of candidates by <pg course> and <gender>?", "english_question_5": "How many candidates are there in total for each <gender> and <pg course>?"}, "time_taken": 5.18383002281189}, {"structure": {"filter_fields": ["designation", "ug course"], "grouped_fields": [], "agg_field": ["count"]}, "generated_questions": {"english_question_1": "What is the count of candidates with <designation> and <ug course>?", "english_question_2": "How many candidates have <designation> and <ug course>?", "english_question_3": "Can you provide the total number of candidates with <designation> and <ug course>?", "english_question_4": "What is the total count of candidates who have <designation> and <ug course>?", "english_question_5": "How many candidates are there with <designation> and <ug course>?"}, "time_taken": 7.310043096542358}, {"structure": {"filter_fields": ["designation", "pg course"], "grouped_fields": [], "agg_field": ["count"]}, "generated_questions": {"english_question_1": "How many candidates are there with <designation> designation and <pg course> pg course?", "english_question_2": "What is the total count of candidates holding <pg course> pg course and working as <designation>?", "english_question_3": "Can you provide the total number of candidates with <pg course> pg course and <designation> designation?", "english_question_4": "What is the total count of <designation> designation holders with <pg course> pg course?", "english_question_5": "How many <designation> designation holders have completed their <pg course> pg course? "}, "time_taken": 6.988617181777954}, {"structure": {"filter_fields": ["ctc > {ctc} lakhs", "ug course"], "grouped_fields": [], "agg_field": ["count"]}, "generated_questions": {"english_question_1": "How many candidates have a UG degree in <ug course> and a CTC greater than <ctc> lakhs?", "english_question_2": "What is the count of candidates with a UG degree in <ug course> and a CTC of more than <ctc> lakhs?", "english_question_3": "Can you provide the number of candidates who have completed their UG in <ug course> and have a CTC exceeding <ctc> lakhs?", "english_question_4": "What is the total count of candidates with a UG degree in <ug course> and a CTC higher than <ctc> lakhs?", "english_question_5": "How many candidates are there who have a UG degree in <ug course> and earn a CTC of more than <ctc> lakhs?"}, "time_taken": 7.001242160797119}, {"structure": {"filter_fields": ["designation", "industry"], "grouped_fields": [], "agg_field": ["count"]}, "generated_questions": {"english_question_1": "What is the total count of candidates working in the <industry> industry with the designation of <designation>?", "english_question_2": "How many candidates are there in the <industry> industry with the <designation> designation?", "english_question_3": "Can you provide the total number of candidates with <designation> designation in the <industry> industry?", "english_question_4": "What is the total number of <designation> in the <industry> industry?", "english_question_5": "How many <designation> are there in the <industry> industry?"}, "time_taken": 8.472727060317993}, {"structure": {"filter_fields": ["freshers", "industry"], "grouped_fields": [], "agg_field": ["count"]}, "generated_questions": {"english_question_1": "What is the total count of freshers in the <industry> industry?", "english_question_2": "How many freshers are there in the <industry> industry?", "english_question_3": "Can you provide the total number of freshers in the <industry> industry?", "english_question_4": "What is the count of freshers in the <industry> industry?", "english_question_5": "How many freshers are currently working in the <industry> industry?"}, "time_taken": 5.373477935791016}, {"structure": {"filter_fields": ["ctc > {ctc} lakhs", "gender"], "grouped_fields": [], "agg_field": ["count"]}, "generated_questions": {"english_question_1": "What is the total count of candidates with a ctc greater than <ctc> lakhs and are <gender>?", "english_question_2": "How many <gender> candidates have a ctc of more than <ctc> lakhs?", "english_question_3": "Can you provide the total number of <gender> candidates with a ctc exceeding <ctc> lakhs?", "english_question_4": "What is the count of candidates who are <gender> and have a ctc of more than <ctc> lakhs?", "english_question_5": "How many candidates are there who are <gender> and have a ctc greater than <ctc> lakhs?"}, "time_taken": 6.388678073883057}, {"structure": {"filter_fields": ["designation", "department"], "grouped_fields": [], "agg_field": ["count"]}, "generated_questions": {"english_question_1": "What is the count of candidates with <designation> designation in the <department> department?", "english_question_2": "How many candidates are there in the <department> department with <designation> designation?", "english_question_3": "Can you provide the total number of candidates with <designation> designation working in the <department> department?", "english_question_4": "What is the total count of <designation> designation holders in the <department> department?", "english_question_5": "How many <designation> designation holders are there in the <department> department?"}, "time_taken": 8.306453943252563}, {"structure": {"filter_fields": ["ctc > {ctc} lakhs", "designation"], "grouped_fields": [], "agg_field": ["count"]}, "generated_questions": {"english_question_1": "How many candidates have a salary greater than <ctc> lakhs and hold the designation of <designation>?", "english_question_2": "What is the total count of candidates with a salary above <ctc> lakhs and working as a <designation>?", "english_question_3": "Can you provide the number of candidates who earn more than <ctc> lakhs and are employed as a <designation>?", "english_question_4": "What is the total number of <designation> candidates with a salary of more than <ctc> lakhs?", "english_question_5": "How many <designation> candidates have a salary greater than <ctc> lakhs?"}, "time_taken": 5.776699066162109}, {"structure": {"filter_fields": ["experience < {experience} years", "designation"], "grouped_fields": [], "agg_field": ["count"]}, "generated_questions": {"english_question_1": "What is the count of candidates with more than <experience> years of experience in the <designation> designation?", "english_question_2": "How many candidates have <experience> years or more of experience in the <designation> role?", "english_question_3": "Can you provide the total number of candidates with more than <experience> years of experience in the <designation> designation?", "english_question_4": "What is the total count of candidates who have <experience> years or more of experience and are working as a <designation>?", "english_question_5": "How many candidates are there with more than <experience> years of experience and are currently working in the <designation> designation?"}, "time_taken": 6.988026142120361}, {"structure": {"filter_fields": ["experience < {experience} years", "gender"], "grouped_fields": [], "agg_field": ["count"]}, "generated_questions": {"english_question_1": "How many candidates have more than <experience> years of experience?", "english_question_2": "What is the total count of candidates with experience greater than <experience> years?", "english_question_3": "Can you provide the total number of candidates having experience of more than <experience> years?", "english_question_4": "What is the total headcount of candidates with experience exceeding <experience> years?", "english_question_5": "How many candidates are there with experience of more than <experience> years?"}, "time_taken": 7.128983736038208}, {"structure": {"filter_fields": ["ctc > {ctc} lakhs", "skills"], "grouped_fields": [], "agg_field": ["count"]}, "generated_questions": {"english_question_1": "How many candidates have a ctc greater than <ctc> lakhs and possess <skills>?", "english_question_2": "What is the total count of candidates with a ctc above <ctc> lakhs and skilled in <skills>?", "english_question_3": "Can you provide the number of candidates who have a ctc of more than <ctc> lakhs and are proficient in <skills>?", "english_question_4": "What is the total number of candidates with a ctc exceeding <ctc> lakhs and possessing <skills>?", "english_question_5": "How many candidates meet the criteria of having a ctc greater than <ctc> lakhs and being skilled in <skills>?"}, "time_taken": 6.728570938110352}, {"structure": {"filter_fields": ["gender", "skills"], "grouped_fields": [], "agg_field": ["count"]}, "generated_questions": {"english_question_1": "What is the count of candidates by <gender> and <skills>?", "english_question_2": "How many candidates are there for each <gender> and <skills> combination?", "english_question_3": "Can you provide the total number of candidates for <gender> and <skills>?", "english_question_4": "What is the total count of candidates for each <gender> and <skills>?", "english_question_5": "How many candidates are there in total for <gender> and <skills>?"}, "time_taken": 7.794443845748901}, {"structure": {"filter_fields": ["designation", "cities"], "grouped_fields": [], "agg_field": ["count"]}, "generated_questions": {"english_question_1": "What is the count of candidates for each <designation> in <cities>?", "english_question_2": "How many candidates are there for <designation> in different <cities>?", "english_question_3": "Can you provide the total number of candidates for <designation> across various <cities>?", "english_question_4": "What is the total count of candidates for <designation> in <cities>?", "english_question_5": "How many candidates are there in <cities> for the <designation> role?"}, "time_taken": 7.199800968170166}, {"structure": {"filter_fields": ["gender", "designation"], "grouped_fields": [], "agg_field": ["count"]}, "generated_questions": {"english_question_1": "What is the count of candidates by <gender> and <designation>?", "english_question_2": "How many candidates are there for each <designation> and <gender>?", "english_question_3": "Can you provide the total number of candidates for each <gender> and <designation>?", "english_question_4": "What is the total count of candidates by <gender> and <designation>?", "english_question_5": "How many candidates are there in total for each <gender> and <designation>?"}, "time_taken": 5.137447834014893}, {"structure": {"filter_fields": ["ug course", "college"], "grouped_fields": [], "agg_field": ["count"]}, "generated_questions": {"english_question_1": "What is the count of candidates who graduated from <college> with a degree in <ug course>?", "english_question_2": "How many candidates have a <ug course> degree from <college>?", "english_question_3": "Can you provide the number of candidates who studied <ug course> at <college>?", "english_question_4": "What is the total number of candidates with a <ug course> degree from <college>?", "english_question_5": "How many <ug course> graduates from <college> are in the dataset?"}, "time_taken": 6.860997200012207}, {"structure": {"filter_fields": ["experience < {experience} years", "industry"], "grouped_fields": [], "agg_field": ["count"]}, "generated_questions": {"english_question_1": "What is the total count of candidates with more than <experience> years of experience in the <industry> industry?", "english_question_2": "How many candidates have more than <experience> years of experience in the <industry> industry?", "english_question_3": "What is the total number of candidates with experience greater than <experience> years in the <industry> industry?", "english_question_4": "Can you provide the count of candidates with more than <experience> years of experience in the <industry> industry?", "english_question_5": "What is the total headcount of candidates with experience exceeding <experience> years in the <industry> industry?"}, "time_taken": 7.296261787414551}, {"structure": {"filter_fields": ["freshers", "gender"], "grouped_fields": [], "agg_field": ["count"]}, "generated_questions": {"english_question_1": "What is the count of freshers for each gender?", "english_question_2": "How many freshers are there in the male and female categories?", "english_question_3": "Can you provide the number of freshers for both male and female?", "english_question_4": "What is the total count of freshers, broken down by gender?", "english_question_5": "How many freshers are there in each gender category?"}, "time_taken": 6.409466981887817}, {"structure": {"filter_fields": ["pg course", "industry"], "grouped_fields": [], "agg_field": ["count"]}, "generated_questions": {"english_question_1": "What is the total count of candidates with a <pg course> degree in the <industry> industry?", "english_question_2": "How many candidates have a <pg course> degree and work in the <industry> industry?", "english_question_3": "What is the total number of candidates with a <pg course> degree and <industry> industry experience?", "english_question_4": "Can you provide the count of candidates who have a <pg course> degree and are currently working in the <industry> industry?", "english_question_5": "What is the total count of <pg course> degree holders who are employed in the <industry> industry?"}, "time_taken": 7.245656967163086}, {"structure": {"filter_fields": ["ctc < {ctc} lakhs", "pg course"], "grouped_fields": [], "agg_field": ["count"]}, "generated_questions": {"english_question_1": "How many candidates have a ctc less than <ctc> lakhs and have completed their pg course?", "english_question_2": "What is the total count of candidates with a ctc below <ctc> lakhs and a pg course?", "english_question_3": "Can you provide the number of candidates who have a ctc less than <ctc> lakhs and have a pg course?", "english_question_4": "What is the total number of candidates who have completed their pg course and have a ctc less than <ctc> lakhs?", "english_question_5": "How many candidates have a ctc of less than <ctc> lakhs and have also completed their pg course?"}, "time_taken": 6.386936902999878}, {"structure": {"filter_fields": ["freshers", "skills"], "grouped_fields": [], "agg_field": ["count"]}, "generated_questions": {"english_question_1": "What is the count of candidates who are freshers and have <skills>?", "english_question_2": "How many freshers have <skills>?", "english_question_3": "What is the total number of freshers with <skills>?", "english_question_4": "Can you provide the count of freshers who possess <skills>?", "english_question_5": "How many candidates are freshers and have <skills>?"}, "time_taken": 9.124204874038696}, {"structure": {"filter_fields": ["pg course", "department"], "grouped_fields": [], "agg_field": ["count"]}, "generated_questions": {"english_question_1": "What is the count of candidates who have completed their post graduation in <pg course> and are working in the <department> department?", "english_question_2": "How many candidates have a background in <pg course> and are currently employed in the <department> department?", "english_question_3": "Can you provide the total number of candidates who have a post graduation degree in <pg course> and are working in the <department> department?", "english_question_4": "What is the total count of candidates with a <pg course> post graduation degree working in the <department> department?", "english_question_5": "How many candidates are there who have completed their post graduation in <pg course> and are currently working in the <department> department?"}, "time_taken": 5.363326072692871}, {"structure": {"filter_fields": ["ctc < {ctc} lakhs", "ug course"], "grouped_fields": [], "agg_field": ["count"]}, "generated_questions": {"english_question_1": "How many candidates have a UG degree in <ug course> and a CTC of less than <ctc> lakhs?", "english_question_2": "What is the count of candidates with a UG degree in <ug course> and a CTC below <ctc> lakhs?", "english_question_3": "Can you provide the number of candidates who have a UG degree in <ug course> and earn less than <ctc> lakhs?", "english_question_4": "What is the total number of candidates with a UG degree in <ug course> and a CTC of less than <ctc> lakhs?", "english_question_5": "How many candidates are there with a UG degree in <ug course> and a CTC below the <ctc> lakhs mark? "}, "time_taken": 7.415355205535889}, {"structure": {"filter_fields": ["experience < {experience} years", "department"], "grouped_fields": [], "agg_field": ["count"]}, "generated_questions": {"english_question_1": "What is the total count of candidates with more than <experience> years of experience in the <department> department?", "english_question_2": "How many candidates have more than <experience> years of experience and are working in the <department> department?", "english_question_3": "Can you provide the total number of candidates with more than <experience> years of experience in the <department> department?", "english_question_4": "What is the total headcount of candidates with more than <experience> years of experience in the <department> department?", "english_question_5": "How many candidates are there with more than <experience> years of experience and are part of the <department> department?"}, "time_taken": 6.706998825073242}, {"structure": {"filter_fields": ["freshers", "designation"], "grouped_fields": [], "agg_field": ["count"]}, "generated_questions": {"english_question_1": "What is the total count of candidates who are freshers and have a designation of <designation>?", "english_question_2": "How many freshers are there in the <designation> designation?", "english_question_3": "Can you provide the total number of freshers who are currently working as a <designation>?", "english_question_4": "What is the count of freshers who have a designation of <designation>?", "english_question_5": "How many candidates are there who are freshers and have a designation of <designation>?"}, "time_taken": 7.745665788650513}, {"structure": {"filter_fields": ["department", "industry"], "grouped_fields": [], "agg_field": ["count"]}, "generated_questions": {"english_question_1": "What is the total count of candidates in the <department> department of the <industry> industry?", "english_question_2": "How many candidates are there in the <industry> industry working in the <department> department?", "english_question_3": "Can you provide the total number of candidates in the <department> department across the <industry> industry?", "english_question_4": "What is the total headcount of candidates in the <industry> industry and <department> department?", "english_question_5": "How many candidates are employed in the <department> department of the <industry> industry?"}, "time_taken": 5.8700151443481445}, {"structure": {"filter_fields": ["experience > {experience} years", "gender"], "grouped_fields": [], "agg_field": ["count"]}, "generated_questions": {"english_question_1": "What is the total count of candidates with more than <experience> years of experience and are <gender>?", "english_question_2": "How many <gender> candidates have an experience of more than <experience> years?", "english_question_3": "Can you provide the total number of candidates with an experience of more than <experience> years and are <gender>?", "english_question_4": "What is the total number of <gender> candidates who have more than <experience> years of experience?", "english_question_5": "How many candidates are there with more than <experience> years of experience and are <gender>?"}, "time_taken": 6.944295883178711}, {"structure": {"filter_fields": ["college", "cities"], "grouped_fields": [], "agg_field": ["count"]}, "generated_questions": {"english_question_1": "What is the total count of candidates from <college> and <cities>?", "english_question_2": "How many candidates are there from <college> in <cities>?", "english_question_3": "Can you provide the total number of candidates from <college> who are based in <cities>?", "english_question_4": "What is the total number of candidates from <college> and residing in <cities>?", "english_question_5": "How many candidates are there in total from <college> and <cities>?"}, "time_taken": 8.626053094863892}, {"structure": {"filter_fields": ["ctc < {ctc} lakhs", "freshers"], "grouped_fields": [], "agg_field": ["count"]}, "generated_questions": {"english_question_1": "How many freshers have a ctc of less than <ctc> lakhs?", "english_question_2": "What is the count of freshers with a ctc below <ctc> lakhs?", "english_question_3": "Can you provide the number of freshers who have a ctc of less than <ctc> lakhs?", "english_question_4": "What is the total count of freshers with a ctc of less than <ctc> lakhs?", "english_question_5": "How many freshers are there with a ctc of less than <ctc> lakhs?"}, "time_taken": 6.285661935806274}, {"structure": {"filter_fields": ["experience > {experience} years", "cities"], "grouped_fields": [], "agg_field": ["count"]}, "generated_questions": {"english_question_1": "What is the total count of candidates with more than <experience> years of experience in <cities>?", "english_question_2": "How many candidates have more than <experience> years of experience and are based in <cities>?", "english_question_3": "Can you provide the total number of candidates with more than <experience> years of experience in <cities>?", "english_question_4": "What is the total number of candidates in <cities> with more than <experience> years of experience?", "english_question_5": "How many candidates are there in <cities> with more than <experience> years of experience?"}, "time_taken": 6.150517702102661}, {"structure": {"filter_fields": ["experience > {experience} years", "skills"], "grouped_fields": [], "agg_field": ["count"]}, "generated_questions": {"english_question_1": "How many candidates have more than {experience} years of experience and possess the skill of <skill>?", "english_question_2": "What is the total count of candidates with greater than {experience} years of experience and skilled in <skill>?", "english_question_3": "Can you provide the total number of candidates who have more than {experience} years of experience and are skilled in <skill>?", "english_question_4": "What is the total count of candidates who have an experience of more than {experience} years and possess the skill of <skill>?", "english_question_5": "How many candidates have an experience of greater than {experience} years and are skilled in <skill>?"}, "time_taken": 6.907624006271362}, {"structure": {"filter_fields": ["cities", "department"], "grouped_fields": [], "agg_field": ["count"]}, "generated_questions": {"english_question_1": "What is the count of candidates in the <department> department from <cities>?", "english_question_2": "How many candidates are there in <cities> working in the <department> department?", "english_question_3": "Can you provide the total number of candidates in <cities> who work in the <department> department?", "english_question_4": "What is the total count of candidates from <cities> who are part of the <department> department?", "english_question_5": "How many candidates from <cities> are working in the <department> department?"}, "time_taken": 5.937502384185791}, {"structure": {"filter_fields": ["college", "industry"], "grouped_fields": [], "agg_field": ["count"]}, "generated_questions": {"english_question_1": "What is the total count of candidates from <college> in the <industry> industry?", "english_question_2": "How many candidates are there from <college> working in the <industry> industry?", "english_question_3": "Can you provide the total number of candidates from <college> in the <industry> industry?", "english_question_4": "What is the total number of candidates who have graduated from <college> and are working in the <industry> industry?", "english_question_5": "How many <college> alumni are currently working in the <industry> industry?"}, "time_taken": 7.417284250259399}, {"structure": {"filter_fields": ["experience > {experience} years", "designation"], "grouped_fields": [], "agg_field": ["count"]}, "generated_questions": {"english_question_1": "What is the total count of candidates with more than {experience} years of experience in the {designation} role?", "english_question_2": "How many candidates have more than {experience} years of experience in the {designation} position?", "english_question_3": "Can you provide the total number of candidates with {experience}+ years of experience in the {designation} role?", "english_question_4": "What is the count of candidates who have more than {experience} years of experience and are working as a {designation}?", "english_question_5": "How many {designation} have more than {experience} years of experience?"}, "time_taken": 8.331332921981812}, {"structure": {"filter_fields": ["ctc < {ctc} lakhs", "experience > {experience} years"], "grouped_fields": [], "agg_field": ["count"]}, "generated_questions": {"english_question_1": "How many candidates have a ctc of less than <ctc> lakhs and more than <experience> years of experience?", "english_question_2": "What is the total count of candidates with a ctc below <ctc> lakhs and experience exceeding <experience> years?", "english_question_3": "Can you provide the number of candidates who have a ctc of less than <ctc> lakhs and more than <experience> years of experience?", "english_question_4": "What is the total number of candidates with a ctc of less than <ctc> lakhs and experience of more than <experience> years?", "english_question_5": "How many candidates meet the criteria of having a ctc below <ctc> lakhs and experience above <experience> years?"}, "time_taken": 5.1742870807647705}, {"structure": {"filter_fields": ["ctc < {ctc} lakhs", "experience < {experience} years"], "grouped_fields": [], "agg_field": ["count"]}, "generated_questions": {"english_question_1": "How many candidates have a ctc less than <ctc> lakhs and experience less than <experience> years?", "english_question_2": "What is the total count of candidates with ctc below <ctc> lakhs and experience below <experience> years?", "english_question_3": "Can you provide the number of candidates who have a ctc less than <ctc> lakhs and experience less than <experience> years?", "english_question_4": "What is the total number of candidates with experience less than <experience> years and ctc less than <ctc> lakhs?", "english_question_5": "How many candidates fall under the category of having experience less than <experience> years and ctc less than <ctc> lakhs?"}, "time_taken": 9.262677192687988}, {"structure": {"filter_fields": ["experience > {experience} years", "college"], "grouped_fields": [], "agg_field": ["count"]}, "generated_questions": {"english_question_1": "What is the total count of candidates from <college> with more than <experience> years of experience?", "english_question_2": "How many candidates from <college> have more than <experience> years of experience?", "english_question_3": "Can you provide the total number of candidates from <college> who have more than <experience> years of experience?", "english_question_4": "What is the total number of candidates with more than <experience> years of experience from <college>?", "english_question_5": "How many candidates are there from <college> who have more than <experience> years of experience?"}, "time_taken": 6.4041218757629395}, {"structure": {"filter_fields": ["college", "department"], "grouped_fields": [], "agg_field": ["count"]}, "generated_questions": {"english_question_1": "What is the total count of candidates from <college> and <department>?", "english_question_2": "How many candidates are there from <college> and <department>?", "english_question_3": "Can you provide the total number of candidates from <college> and <department>?", "english_question_4": "What is the total number of candidates who studied in <college> and <department>?", "english_question_5": "How many candidates are there who graduated from <college> and <department>?"}, "time_taken": 6.6495521068573}, {"structure": {"filter_fields": ["experience > {experience} years", "department"], "grouped_fields": [], "agg_field": ["count"]}, "generated_questions": {"english_question_1": "What is the total count of candidates with more than <experience> years of experience in the <department> department?", "english_question_2": "How many candidates have more than <experience> years of experience in the <department> department?", "english_question_3": "Can you provide the total number of candidates with more than <experience> years of experience in the <department> department?", "english_question_4": "What is the total headcount of candidates with more than <experience> years of experience in the <department> department?", "english_question_5": "How many candidates are there with more than <experience> years of experience in the <department> department?"}, "time_taken": 7.559917211532593}, {"structure": {"filter_fields": ["ug course", "cities"], "grouped_fields": [], "agg_field": ["count"]}, "generated_questions": {"english_question_1": "What is the count of candidates for each <ug course> and <cities>?", "english_question_2": "How many candidates are there for <ug course> and <cities>?", "english_question_3": "Can you provide the number of candidates for <ug course> and <cities>?", "english_question_4": "What is the total count of candidates for <ug course> and <cities>?", "english_question_5": "How many candidates are there in total for <ug course> and <cities>?"}, "time_taken": 5.830513000488281}, {"structure": {"filter_fields": ["experience > {experience} years", "industry"], "grouped_fields": [], "agg_field": ["count"]}, "generated_questions": {"english_question_1": "What is the total count of candidates with more than <experience> years of experience in the <industry> industry?", "english_question_2": "How many candidates have more than <experience> years of experience in the <industry> industry?", "english_question_3": "What is the total number of candidates with greater than <experience> years of experience in the <industry> industry?", "english_question_4": "Can you provide the count of candidates with more than <experience> years of experience in the <industry> industry?", "english_question_5": "What is the total headcount of candidates with more than <experience> years of experience in the <industry> industry?"}, "time_taken": 6.968961954116821}, {"structure": {"filter_fields": ["cities", "industry"], "grouped_fields": [], "agg_field": ["count"]}, "generated_questions": {"english_question_1": "What is the total count of candidates in the <industry> industry from <cities>?", "english_question_2": "How many candidates are there in <cities> from the <industry> industry?", "english_question_3": "Can you provide the total number of candidates in <cities> who work in the <industry> industry?", "english_question_4": "What is the total number of candidates from <cities> who are part of the <industry> industry?", "english_question_5": "How many candidates from <cities> are working in the <industry> industry?"}, "time_taken": 9.137847185134888}, {"structure": {"filter_fields": ["ctc < {ctc} lakhs", "designation"], "grouped_fields": [], "agg_field": ["count"]}, "generated_questions": {"english_question_1": "How many candidates have a ctc less than <ctc> lakhs and hold the designation of <designation>?", "english_question_2": "What is the count of candidates with a ctc below <ctc> lakhs and the title of <designation>?", "english_question_3": "Can you provide the number of candidates who have a ctc of less than <ctc> lakhs and are working as a <designation>?", "english_question_4": "What is the total count of candidates with a ctc under <ctc> lakhs and holding the position of <designation>?", "english_question_5": "How many candidates are there who have a ctc of less than <ctc> lakhs and are working in the role of <designation>?"}, "time_taken": 5.196014165878296}, {"structure": {"filter_fields": ["ctc < {ctc} lakhs", "skills"], "grouped_fields": [], "agg_field": ["count"]}, "generated_questions": {"english_question_1": "How many candidates have a ctc less than <ctc> lakhs and possess <skills>?", "english_question_2": "What is the count of candidates with ctc below <ctc> lakhs and skilled in <skills>?", "english_question_3": "Can you provide the number of candidates with a ctc of less than <ctc> lakhs and having <skills>?", "english_question_4": "What is the total count of candidates who have a ctc less than <ctc> lakhs and are skilled in <skills>?", "english_question_5": "How many candidates meet the criteria of having a ctc below <ctc> lakhs and possessing <skills>?"}, "time_taken": 6.3903350830078125}, {"structure": {"filter_fields": ["experience > {experience} years", "pg course"], "grouped_fields": [], "agg_field": ["count"]}, "generated_questions": {"english_question_1": "How many candidates have more than {experience} years of experience and have completed their post graduation in {pg course}?", "english_question_2": "What is the total count of candidates with {pg course} as their post graduation and more than {experience} years of experience?", "english_question_3": "Can you provide the total number of candidates who have completed their post graduation in {pg course} and have an experience of more than {experience} years?", "english_question_4": "What is the total number of candidates who have more than {experience} years of experience and have done their post graduation in {pg course}?", "english_question_5": "How many candidates have an experience of more than {experience} years and have completed their post graduation in {pg course}?"}, "time_taken": 7.626622200012207}, {"structure": {"filter_fields": ["ctc < {ctc} lakhs", "ctc > {ctc} lakhs"], "grouped_fields": [], "agg_field": ["count"]}, "generated_questions": {"english_question_1": "How many candidates have a ctc between {ctc} lakhs and {ctc} lakhs?", "english_question_2": "What is the count of candidates with a ctc range of {ctc} lakhs to {ctc} lakhs?", "english_question_3": "Can you provide the number of candidates with a ctc between {ctc} lakhs and {ctc} lakhs?", "english_question_4": "What is the total count of candidates having a ctc within the range of {ctc} lakhs to {ctc} lakhs?", "english_question_5": "How many candidates fall within the ctc range of {ctc} lakhs to {ctc} lakhs?"}, "time_taken": 7.222123861312866}, {"structure": {"filter_fields": ["experience > {experience} years", "ug course"], "grouped_fields": [], "agg_field": ["count"]}, "generated_questions": {"english_question_1": "How many candidates have an ug course in <ug course> with more than {experience} years of experience?", "english_question_2": "What is the total count of candidates with an ug course in <ug course> and experience greater than {experience} years?", "english_question_3": "Can you provide the total number of candidates with more than {experience} years of experience and an ug course in <ug course>?", "english_question_4": "What is the total count of candidates who have completed their ug course in <ug course> and have more than {experience} years of experience?", "english_question_5": "How many candidates have more than {experience} years of experience and have completed their ug course in <ug course>?"}, "time_taken": 8.393769979476929}, {"structure": {"filter_fields": ["ug course", "industry"], "grouped_fields": [], "agg_field": ["count"]}, "generated_questions": {"english_question_1": "What is the count of candidates with <ug course> degree in the <industry> industry?", "english_question_2": "How many candidates have a background in <ug course> and are working in the <industry> industry?", "english_question_3": "Can you provide the total number of candidates with <ug course> degree and experience in the <industry> industry?", "english_question_4": "What is the total count of candidates who have completed <ug course> and are currently working in the <industry> industry?", "english_question_5": "How many candidates have a <ug course> degree and are employed in the <industry> industry?"}, "time_taken": 7.502693176269531}, {"structure": {"filter_fields": ["ug course", "department"], "grouped_fields": [], "agg_field": ["count"]}, "generated_questions": {"english_question_1": "What is the count of candidates with <ug course> and <department>?", "english_question_2": "How many candidates have a background in <ug course> and are from the <department> department?", "english_question_3": "Can you provide the total number of candidates with <ug course> and <department>?", "english_question_4": "What is the total count of candidates who have studied <ug course> and are part of the <department> department?", "english_question_5": "How many candidates are there with <ug course> and <department>?"}, "time_taken": 4.917726278305054}, {"structure": {"filter_fields": ["experience > {experience} years", "freshers"], "grouped_fields": [], "agg_field": ["count"]}, "generated_questions": {"english_question_1": "What is the total count of freshers with more than {experience} years of experience?", "english_question_2": "How many freshers have greater than {experience} years of experience?", "english_question_3": "Can you provide the total number of freshers with experience exceeding {experience} years?", "english_question_4": "What is the count of freshers who have more than {experience} years of experience?", "english_question_5": "How many freshers fall under the category of having greater than {experience} years of experience?"}, "time_taken": 8.062541007995605}, {"structure": {"filter_fields": ["ctc < {ctc} lakhs", "gender"], "grouped_fields": [], "agg_field": ["count"]}, "generated_questions": {"english_question_1": "What is the total count of candidates with a ctc less than <ctc> lakhs and are <gender>?", "english_question_2": "How many <gender> candidates have a ctc of less than <ctc> lakhs?", "english_question_3": "Can you provide the total number of candidates who are <gender> and have a ctc of less than <ctc> lakhs?", "english_question_4": "What is the count of <gender> candidates with a ctc below <ctc> lakhs?", "english_question_5": "How many candidates are there who are <gender> and have a ctc of less than <ctc> lakhs?"}, "time_taken": 7.251650094985962}, {"structure": {"filter_fields": ["skills", "industry"], "grouped_fields": [], "agg_field": ["count"]}, "generated_questions": {"english_question_1": "What is the total count of candidates with <skills> skills in the <industry> industry?", "english_question_2": "How many candidates are there in the <industry> industry with expertise in <skills>?", "english_question_3": "Can you provide the total number of candidates in the <industry> industry who possess <skills> skills?", "english_question_4": "What is the total number of candidates with <skills> skills working in the <industry> industry?", "english_question_5": "How many candidates in the <industry> industry have <skills> skills?"}, "time_taken": 8.202229022979736}, {"structure": {"filter_fields": ["freshers", "ug course"], "grouped_fields": [], "agg_field": ["count"]}, "generated_questions": {"english_question_1": "What is the total count of freshers with <ug course>?", "english_question_2": "How many freshers have graduated with a degree in <ug course>?", "english_question_3": "What is the total number of freshers who have completed their <ug course>?", "english_question_4": "Can you provide the count of freshers who have a degree in <ug course>?", "english_question_5": "How many freshers are there with a <ug course> degree?"}, "time_taken": 3.9466748237609863}, {"structure": {"filter_fields": ["ctc < {ctc} lakhs", "department"], "grouped_fields": [], "agg_field": ["count"]}, "generated_questions": {"english_question_1": "How many candidates are there in the <department> department with a ctc less than <ctc> lakhs?", "english_question_2": "What is the total count of candidates in the <department> department who earn less than <ctc> lakhs?", "english_question_3": "Can you provide the number of candidates in the <department> department with a ctc of less than <ctc> lakhs?", "english_question_4": "What is the total number of candidates in the <department> department with a salary less than <ctc> lakhs?", "english_question_5": "How many candidates are there in the <department> department who have a ctc of less than <ctc> lakhs?"}, "time_taken": 7.641978979110718}, {"structure": {"filter_fields": ["skills", "department"], "grouped_fields": [], "agg_field": ["count"]}, "generated_questions": {"english_question_1": "What is the count of candidates with <skills> skills in the <department> department?", "english_question_2": "How many candidates have <skills> skills and work in the <department> department?", "english_question_3": "Can you provide the total number of candidates with <skills> skills in the <department> department?", "english_question_4": "What is the total count of candidates who have <skills> skills and are part of the <department> department?", "english_question_5": "How many candidates are there with <skills> skills in the <department> department?"}, "time_taken": 7.375219106674194}, {"structure": {"filter_fields": ["ctc < {ctc} lakhs", "industry"], "grouped_fields": [], "agg_field": ["count"]}, "generated_questions": {"english_question_1": "How many candidates are there in the <industry> industry with a ctc less than <ctc> lakhs?", "english_question_2": "What is the total count of candidates in the <industry> industry with a salary of less than <ctc> lakhs?", "english_question_3": "Can you provide the number of candidates in the <industry> industry who earn less than <ctc> lakhs?", "english_question_4": "What is the total number of candidates with a ctc of less than <ctc> lakhs in the <industry> industry?", "english_question_5": "How many candidates have a salary of less than <ctc> lakhs in the <industry> industry?"}, "time_taken": 7.9806599617004395}, {"structure": {"filter_fields": ["pg course", "college"], "grouped_fields": [], "agg_field": ["count"]}, "generated_questions": {"english_question_1": "What is the total count of candidates who have completed their post graduation from <college> in <pg course>?", "english_question_2": "How many candidates have a post graduation degree from <college> in <pg course>?", "english_question_3": "What is the number of candidates who have completed their post graduation from <college> in <pg course>?", "english_question_4": "Can you provide the count of candidates who have a post graduation degree from <college> in <pg course>?", "english_question_5": "What is the total number of candidates who have completed their post graduation from <college> in <pg course>?"}, "time_taken": 5.306615114212036}, {"structure": {"filter_fields": ["experience < {experience} years", "cities"], "grouped_fields": [], "agg_field": ["count"]}, "generated_questions": {"english_question_1": "What is the total count of candidates with more than <experience> years of experience in <cities>?", "english_question_2": "How many candidates have more than <experience> years of experience and are based in <cities>?", "english_question_3": "Can you provide the total number of candidates with more than <experience> years of experience in <cities>?", "english_question_4": "What is the total number of candidates in <cities> with more than <experience> years of experience?", "english_question_5": "How many candidates are there in <cities> with more than <experience> years of experience?"}, "time_taken": 8.702372312545776}, {"structure": {"filter_fields": ["ctc < {ctc} lakhs", "college"], "grouped_fields": [], "agg_field": ["count"]}, "generated_questions": {"english_question_1": "How many candidates are there from <college> with a ctc of less than <ctc> lakhs?", "english_question_2": "What is the total count of candidates from <college> who have a ctc of less than <ctc> lakhs?", "english_question_3": "Can you provide the number of candidates from <college> with a ctc of less than <ctc> lakhs?", "english_question_4": "What is the total number of candidates from <college> who have a ctc of less than <ctc> lakhs?", "english_question_5": "How many candidates from <college> have a ctc of less than <ctc> lakhs?"}, "time_taken": 5.070946931838989}, {"structure": {"filter_fields": ["pg course", "cities"], "grouped_fields": [], "agg_field": ["count"]}, "generated_questions": {"english_question_1": "What is the total count of candidates who have completed their post graduation from <pg course> and are based in <cities>?", "english_question_2": "How many candidates are there who have done their post graduation from <pg course> and are currently residing in <cities>?", "english_question_3": "Can you provide the total number of candidates who have completed their post graduation from <pg course> and are living in <cities>?", "english_question_4": "What is the total number of candidates who have done their post graduation from <pg course> and are currently based in <cities>?", "english_question_5": "How many candidates are there who have completed their post graduation from <pg course> and are residing in <cities>?"}, "time_taken": 7.28702187538147}, {"structure": {"filter_fields": ["freshers", "pg course"], "grouped_fields": [], "agg_field": ["count"]}, "generated_questions": {"english_question_1": "What is the total count of candidates who are freshers and have completed their <pg course>?", "english_question_2": "How many freshers have completed their post graduation in <pg course>?", "english_question_3": "What is the total number of freshers who have done their post graduation in <pg course>?", "english_question_4": "Can you provide the count of freshers who have completed their post graduation in <pg course>?", "english_question_5": "What is the total count of freshers who have done their post graduation in <pg course>?"}, "time_taken": 7.496718168258667}, {"structure": {"filter_fields": ["ctc < {ctc} lakhs", "cities"], "grouped_fields": [], "agg_field": ["count"]}, "generated_questions": {"english_question_1": "How many candidates are there in <cities> with a ctc of less than <ctc> lakhs?", "english_question_2": "What is the total count of candidates in <cities> with a salary of less than <ctc> lakhs?", "english_question_3": "Can you provide the number of candidates in <cities> who have a ctc of less than <ctc> lakhs?", "english_question_4": "What is the total number of candidates in <cities> with a salary less than <ctc> lakhs?", "english_question_5": "How many candidates are there in <cities> who earn less than <ctc> lakhs?"}, "time_taken": 7.079033136367798}, {"structure": {"filter_fields": ["pg course", "ug course"], "grouped_fields": [], "agg_field": ["count"]}, "generated_questions": {"english_question_1": "What is the count of candidates who have completed <pg course> and <ug course>?", "english_question_2": "How many candidates have a background in <pg course> and <ug course>?", "english_question_3": "Can you provide the total number of candidates with <pg course> and <ug course> as their educational qualifications?", "english_question_4": "What is the total count of candidates who have pursued <pg course> after completing <ug course>?", "english_question_5": "How many candidates have a combination of <pg course> and <ug course> in their academic profile?"}, "time_taken": 6.903815984725952}, {"structure": {"filter_fields": ["experience < {experience} years", "college"], "grouped_fields": [], "agg_field": ["count"]}, "generated_questions": {"english_question_1": "What is the total count of candidates from <college> with more than <experience> years of experience?", "english_question_2": "How many candidates have more than <experience> years of experience and graduated from <college>?", "english_question_3": "Can you provide the total number of candidates with more than <experience> years of experience and <college> as their alma mater?", "english_question_4": "What is the count of candidates who have more than <experience> years of experience and are from <college>?", "english_question_5": "How many candidates from <college> have an experience of more than <experience> years?"}, "time_taken": 8.311424970626831}, {"structure": {"filter_fields": ["gender", "department"], "grouped_fields": [], "agg_field": ["count"]}, "generated_questions": {"english_question_1": "What is the count of candidates by <gender> in the <department> department?", "english_question_2": "How many <gender> candidates are there in the <department> department?", "english_question_3": "Can you provide the total number of <gender> candidates in the <department> department?", "english_question_4": "What is the total count of candidates who are <gender> and belong to the <department> department?", "english_question_5": "How many candidates are there in the <department> department who identify as <gender>?"}, "time_taken": 4.8403639793396}, {"structure": {"filter_fields": ["ctc > {ctc} lakhs", "department"], "grouped_fields": [], "agg_field": ["count"]}, "generated_questions": {"english_question_1": "How many candidates are there in the <department> department with a ctc greater than <ctc> lakhs?", "english_question_2": "What is the total count of candidates in the <department> department with a salary of more than <ctc> lakhs?", "english_question_3": "Can you provide the number of candidates in the <department> department who earn more than <ctc> lakhs?", "english_question_4": "What is the total number of candidates with a ctc greater than <ctc> lakhs in the <department> department?", "english_question_5": "How many candidates have a salary of more than <ctc> lakhs in the <department> department?"}, "time_taken": 9.304246187210083}, {"structure": {"filter_fields": ["gender", "cities"], "grouped_fields": [], "agg_field": ["count"]}, "generated_questions": {"english_question_1": "What is the count of candidates in <cities> for <gender>?", "english_question_2": "How many <gender> candidates are there in <cities>?", "english_question_3": "Can you provide the number of <gender> candidates in <cities>?", "english_question_4": "What is the total number of <gender> candidates in <cities>?", "english_question_5": "How many candidates of <gender> are there in <cities>?"}, "time_taken": 5.2135701179504395}, {"structure": {"filter_fields": ["designation", "skills"], "grouped_fields": [], "agg_field": ["count"]}, "generated_questions": {"english_question_1": "What is the count of candidates with <designation> designation and <skills> skills?", "english_question_2": "How many candidates have <designation> designation and possess <skills> skills?", "english_question_3": "Can you provide the total number of candidates with <designation> designation and <skills> skills?", "english_question_4": "What is the total count of candidates who are <designation> and have <skills> skills?", "english_question_5": "How many candidates match the profile of <designation> with <skills> skills?"}, "time_taken": 6.432193994522095}, {"structure": {"filter_fields": ["ctc > {ctc} lakhs", "college"], "grouped_fields": [], "agg_field": ["count"]}, "generated_questions": {"english_question_1": "How many candidates are there from <college> with a ctc greater than <ctc> lakhs?", "english_question_2": "What is the total count of candidates from <college> with a salary of more than <ctc> lakhs?", "english_question_3": "Can you provide the number of candidates from <college> who have a ctc of more than <ctc> lakhs?", "english_question_4": "What is the total number of candidates with a ctc greater than <ctc> lakhs from <college>?", "english_question_5": "How many <college> candidates have a salary of more than <ctc> lakhs?"}, "time_taken": 6.981489896774292}, {"structure": {"filter_fields": ["experience < {experience} years", "experience > {experience} years"], "grouped_fields": [], "agg_field": ["count"]}, "generated_questions": {"english_question_1": "What is the count of candidates with experience less than {experience} years?", "english_question_2": "What is the count of candidates with experience greater than {experience} years?", "english_question_3": "Can you provide the count of candidates with experience less than and greater than {experience} years?", "english_question_4": "How many candidates have experience less than {experience} years?", "english_question_5": "How many candidates have experience greater than {experience} years?"}, "time_taken": 6.915714740753174}, {"structure": {"filter_fields": ["gender", "industry"], "grouped_fields": [], "agg_field": ["count"]}, "generated_questions": {"english_question_1": "What is the total count of candidates in the <industry> industry?", "english_question_2": "How many candidates are there in the <industry> industry?", "english_question_3": "What is the total number of candidates in the <industry> industry?", "english_question_4": "Can you provide the total count of candidates in the <industry> industry?", "english_question_5": "What is the overall count of candidates in the <industry> industry?"}, "time_taken": 7.37183690071106}, {"structure": {"filter_fields": ["ctc > {ctc} lakhs", "cities"], "grouped_fields": [], "agg_field": ["count"]}, "generated_questions": {"english_question_1": "What is the total count of candidates with a ctc greater than <ctc> lakhs and living in <cities>?", "english_question_2": "How many candidates have a ctc of more than <ctc> lakhs and are based in <cities>?", "english_question_3": "Can you provide the total number of candidates with a ctc above <ctc> lakhs and residing in <cities>?", "english_question_4": "What is the total number of candidates who have a ctc of more than <ctc> lakhs and are located in <cities>?", "english_question_5": "How many candidates are there with a ctc greater than <ctc> lakhs and are currently living in <cities>?"}, "time_taken": 6.035598039627075}, {"structure": {"filter_fields": ["gender", "ug course"], "grouped_fields": [], "agg_field": ["count"]}, "generated_questions": {"english_question_1": "What is the count of candidates by <gender> and <ug course>?", "english_question_2": "How many candidates are there for each <ug course> and <gender>?", "english_question_3": "Can you provide the total number of candidates for each <gender> and <ug course>?", "english_question_4": "What is the total count of candidates by <gender> and <ug course>?", "english_question_5": "How many candidates are there in total for each <ug course> and <gender>?"}, "time_taken": 7.988404989242554}, {"structure": {"filter_fields": ["gender", "college"], "grouped_fields": [], "agg_field": ["count"]}, "generated_questions": {"english_question_1": "What is the count of candidates by <gender> and <college>?", "english_question_2": "How many candidates are there from <college> and of <gender>?", "english_question_3": "Can you provide the total number of candidates by <gender> and <college>?", "english_question_4": "What is the total count of <gender> candidates from <college>?", "english_question_5": "How many <gender> candidates are there from <college>?"}, "time_taken": 5.794035911560059}, {"structure": {"filter_fields": ["ctc > {ctc} lakhs", "industry"], "grouped_fields": [], "agg_field": ["count"]}, "generated_questions": {"english_question_1": "How many candidates are there in the <industry> industry with a ctc greater than <ctc> lakhs?", "english_question_2": "What is the total count of candidates in the <industry> industry with a salary of more than <ctc> lakhs?", "english_question_3": "Can you provide the number of candidates in the <industry> industry who earn more than <ctc> lakhs?", "english_question_4": "What is the total number of candidates with a ctc of more than <ctc> lakhs in the <industry> industry?", "english_question_5": "How many candidates have a salary greater than <ctc> lakhs in the <industry> industry?"}, "time_taken": 6.987630128860474}]